drg_definition,n
001 - HEART TRANSPLANT OR IMPLANT OF HEART ASSIST SYSTEM W MCC,219
002 - HEART TRANSPLANT OR IMPLANT OF HEART ASSIST SYSTEM W/O MCC,5
"003 - ECMO OR TRACH W MV >96 HRS OR PDX EXC FACE, MOUTH & NECK W MAJ O.R.",882
"003 - ECMO OR TRACH W MV 96+ HRS OR PDX EXC FACE, MOUTH & NECK W MAJ O.R.",454
"004 - TRACH W MV >96 HRS OR PDX EXC FACE, MOUTH & NECK W/O MAJ O.R.",416
"004 - TRACH W MV 96+ HRS OR PDX EXC FACE, MOUTH & NECK W/O MAJ O.R.",1124
005 - LIVER TRANSPLANT W MCC OR INTESTINAL TRANSPLANT,134
006 - LIVER TRANSPLANT W/O MCC,15
007 - LUNG TRANSPLANT,63
008 - SIMULTANEOUS PANCREAS/KIDNEY TRANSPLANT,16
"011 - TRACHEOSTOMY FOR FACE,MOUTH & NECK DIAGNOSES W MCC",92
"012 - TRACHEOSTOMY FOR FACE,MOUTH & NECK DIAGNOSES W CC",145
"013 - TRACHEOSTOMY FOR FACE,MOUTH & NECK DIAGNOSES W/O CC/MCC",22
014 - ALLOGENEIC BONE MARROW TRANSPLANT,83
016 - AUTOLOGOUS BONE MARROW TRANSPLANT W CC/MCC,186
017 - AUTOLOGOUS BONE MARROW TRANSPLANT W/O CC/MCC,6
020 - INTRACRANIAL VASCULAR PROCEDURES W PDX HEMORRHAGE W MCC,58
023 - CRANIO W MAJOR DEV IMPL/ACUTE COMPLEX CNS PDX W MCC OR CHEMO IMPLANT,633
024 - CRANIO W MAJOR DEV IMPL/ACUTE COMPLEX CNS PDX W/O MCC,148
025 - CRANIOTOMY & ENDOVASCULAR INTRACRANIAL PROCEDURES W MCC,1545
026 - CRANIOTOMY & ENDOVASCULAR INTRACRANIAL PROCEDURES W CC,683
027 - CRANIOTOMY & ENDOVASCULAR INTRACRANIAL PROCEDURES W/O CC/MCC,783
028 - SPINAL PROCEDURES W MCC,40
029 - SPINAL PROCEDURES W CC OR SPINAL NEUROSTIMULATORS,144
030 - SPINAL PROCEDURES W/O CC/MCC,72
031 - VENTRICULAR SHUNT PROCEDURES W MCC,12
032 - VENTRICULAR SHUNT PROCEDURES W CC,89
033 - VENTRICULAR SHUNT PROCEDURES W/O CC/MCC,143
034 - CAROTID ARTERY STENT PROCEDURE W MCC,2
035 - CAROTID ARTERY STENT PROCEDURE W CC,60
036 - CAROTID ARTERY STENT PROCEDURE W/O CC/MCC,223
037 - EXTRACRANIAL PROCEDURES W MCC,114
038 - EXTRACRANIAL PROCEDURES W CC,1117
039 - EXTRACRANIAL PROCEDURES W/O CC/MCC,2677
040 - PERIPH/CRANIAL NERVE & OTHER NERV SYST PROC W MCC,181
041 - PERIPH/CRANIAL NERVE & OTHER NERV SYST PROC W CC OR PERIPH NEUROSTIM,217
042 - PERIPH/CRANIAL NERVE & OTHER NERV SYST PROC W/O CC/MCC,40
052 - SPINAL DISORDERS & INJURIES W CC/MCC,3
054 - NERVOUS SYSTEM NEOPLASMS W MCC,1058
055 - NERVOUS SYSTEM NEOPLASMS W/O MCC,260
056 - DEGENERATIVE NERVOUS SYSTEM DISORDERS W MCC,752
057 - DEGENERATIVE NERVOUS SYSTEM DISORDERS W/O MCC,2654
058 - MULTIPLE SCLEROSIS & CEREBELLAR ATAXIA W MCC,1
059 - MULTIPLE SCLEROSIS & CEREBELLAR ATAXIA W CC,59
060 - MULTIPLE SCLEROSIS & CEREBELLAR ATAXIA W/O CC/MCC,66
061 - ACUTE ISCHEMIC STROKE W USE OF THROMBOLYTIC AGENT W MCC,157
062 - ACUTE ISCHEMIC STROKE W USE OF THROMBOLYTIC AGENT W CC,520
063 - ACUTE ISCHEMIC STROKE W USE OF THROMBOLYTIC AGENT W/O CC/MCC,17
064 - INTRACRANIAL HEMORRHAGE OR CEREBRAL INFARCTION W MCC,4962
065 - INTRACRANIAL HEMORRHAGE OR CEREBRAL INFARCTION W CC OR TPA IN 24 HRS,6240
066 - INTRACRANIAL HEMORRHAGE OR CEREBRAL INFARCTION W/O CC/MCC,4582
068 - NONSPECIFIC CVA & PRECEREBRAL OCCLUSION W/O INFARCT W/O MCC,125
069 - TRANSIENT ISCHEMIA,4735
070 - NONSPECIFIC CEREBROVASCULAR DISORDERS W MCC,1310
071 - NONSPECIFIC CEREBROVASCULAR DISORDERS W CC,1499
072 - NONSPECIFIC CEREBROVASCULAR DISORDERS W/O CC/MCC,112
073 - CRANIAL & PERIPHERAL NERVE DISORDERS W MCC,421
074 - CRANIAL & PERIPHERAL NERVE DISORDERS W/O MCC,1981
077 - HYPERTENSIVE ENCEPHALOPATHY W MCC,12
078 - HYPERTENSIVE ENCEPHALOPATHY W CC,27
081 - NONTRAUMATIC STUPOR & COMA W/O MCC,29
"082 - TRAUMATIC STUPOR & COMA, COMA >1 HR W MCC",211
"083 - TRAUMATIC STUPOR & COMA, COMA >1 HR W CC",186
"084 - TRAUMATIC STUPOR & COMA, COMA >1 HR W/O CC/MCC",88
"085 - TRAUMATIC STUPOR & COMA, COMA <1 HR W MCC",1082
"086 - TRAUMATIC STUPOR & COMA, COMA <1 HR W CC",1643
"087 - TRAUMATIC STUPOR & COMA, COMA <1 HR W/O CC/MCC",1178
088 - CONCUSSION W MCC,3
089 - CONCUSSION W CC,52
090 - CONCUSSION W/O CC/MCC,17
091 - OTHER DISORDERS OF NERVOUS SYSTEM W MCC,1052
092 - OTHER DISORDERS OF NERVOUS SYSTEM W CC,1883
093 - OTHER DISORDERS OF NERVOUS SYSTEM W/O CC/MCC,463
094 - BACTERIAL & TUBERCULOUS INFECTIONS OF NERVOUS SYSTEM W MCC,2
097 - NON-BACTERIAL INFECT OF NERVOUS SYS EXC VIRAL MENINGITIS W MCC,5
098 - NON-BACTERIAL INFECT OF NERVOUS SYS EXC VIRAL MENINGITIS W CC,1
100 - SEIZURES W MCC,2434
101 - SEIZURES W/O MCC,3788
102 - HEADACHES W MCC,4
103 - HEADACHES W/O MCC,703
113 - ORBITAL PROCEDURES W CC/MCC,3
114 - ORBITAL PROCEDURES W/O CC/MCC,3
115 - EXTRAOCULAR PROCEDURES EXCEPT ORBIT,21
116 - INTRAOCULAR PROCEDURES W CC/MCC,1
117 - INTRAOCULAR PROCEDURES W/O CC/MCC,2
123 - NEUROLOGICAL EYE DISORDERS,34
125 - OTHER DISORDERS OF THE EYE W/O MCC,54
129 - MAJOR HEAD & NECK PROCEDURES W CC/MCC OR MAJOR DEVICE,99
130 - MAJOR HEAD & NECK PROCEDURES W/O CC/MCC,27
131 - CRANIAL/FACIAL PROCEDURES W CC/MCC,24
132 - CRANIAL/FACIAL PROCEDURES W/O CC/MCC,4
"133 - OTHER EAR, NOSE, MOUTH & THROAT O.R. PROCEDURES W CC/MCC",70
"134 - OTHER EAR, NOSE, MOUTH & THROAT O.R. PROCEDURES W/O CC/MCC",39
138 - MOUTH PROCEDURES W/O CC/MCC,1
139 - SALIVARY GLAND PROCEDURES,5
"146 - EAR, NOSE, MOUTH & THROAT MALIGNANCY W MCC",1
"147 - EAR, NOSE, MOUTH & THROAT MALIGNANCY W CC",2
149 - DYSEQUILIBRIUM,1601
150 - EPISTAXIS W MCC,1
151 - EPISTAXIS W/O MCC,52
152 - OTITIS MEDIA & URI W MCC,204
153 - OTITIS MEDIA & URI W/O MCC,1111
"154 - OTHER EAR, NOSE, MOUTH & THROAT DIAGNOSES W MCC",5
"155 - OTHER EAR, NOSE, MOUTH & THROAT DIAGNOSES W CC",72
"156 - OTHER EAR, NOSE, MOUTH & THROAT DIAGNOSES W/O CC/MCC",6
157 - DENTAL & ORAL DISEASES W MCC,11
158 - DENTAL & ORAL DISEASES W CC,35
163 - MAJOR CHEST PROCEDURES W MCC,1054
164 - MAJOR CHEST PROCEDURES W CC,1479
165 - MAJOR CHEST PROCEDURES W/O CC/MCC,766
166 - OTHER RESP SYSTEM O.R. PROCEDURES W MCC,1717
167 - OTHER RESP SYSTEM O.R. PROCEDURES W CC,897
168 - OTHER RESP SYSTEM O.R. PROCEDURES W/O CC/MCC,55
175 - PULMONARY EMBOLISM W MCC,2090
176 - PULMONARY EMBOLISM W/O MCC,3716
177 - RESPIRATORY INFECTIONS & INFLAMMATIONS W MCC,5487
178 - RESPIRATORY INFECTIONS & INFLAMMATIONS W CC,4095
179 - RESPIRATORY INFECTIONS & INFLAMMATIONS W/O CC/MCC,333
180 - RESPIRATORY NEOPLASMS W MCC,1897
181 - RESPIRATORY NEOPLASMS W CC,1257
183 - MAJOR CHEST TRAUMA W MCC,119
184 - MAJOR CHEST TRAUMA W CC,500
185 - MAJOR CHEST TRAUMA W/O CC/MCC,33
186 - PLEURAL EFFUSION W MCC,647
187 - PLEURAL EFFUSION W CC,340
188 - PLEURAL EFFUSION W/O CC/MCC,3
189 - PULMONARY EDEMA & RESPIRATORY FAILURE,6972
190 - CHRONIC OBSTRUCTIVE PULMONARY DISEASE W MCC,7662
191 - CHRONIC OBSTRUCTIVE PULMONARY DISEASE W CC,7155
192 - CHRONIC OBSTRUCTIVE PULMONARY DISEASE W/O CC/MCC,5653
193 - SIMPLE PNEUMONIA & PLEURISY W MCC,7608
194 - SIMPLE PNEUMONIA & PLEURISY W CC,8301
195 - SIMPLE PNEUMONIA & PLEURISY W/O CC/MCC,5416
196 - INTERSTITIAL LUNG DISEASE W MCC,314
197 - INTERSTITIAL LUNG DISEASE W CC,60
198 - INTERSTITIAL LUNG DISEASE W/O CC/MCC,3
199 - PNEUMOTHORAX W MCC,63
200 - PNEUMOTHORAX W CC,377
201 - PNEUMOTHORAX W/O CC/MCC,2
202 - BRONCHITIS & ASTHMA W CC/MCC,3452
203 - BRONCHITIS & ASTHMA W/O CC/MCC,1053
204 - RESPIRATORY SIGNS & SYMPTOMS,842
205 - OTHER RESPIRATORY SYSTEM DIAGNOSES W MCC,272
206 - OTHER RESPIRATORY SYSTEM DIAGNOSES W/O MCC,858
207 - RESPIRATORY SYSTEM DIAGNOSIS W VENTILATOR SUPPORT >96 HOURS,695
207 - RESPIRATORY SYSTEM DIAGNOSIS W VENTILATOR SUPPORT 96+ HOURS,1918
208 - RESPIRATORY SYSTEM DIAGNOSIS W VENTILATOR SUPPORT <=96 HOURS,1724
208 - RESPIRATORY SYSTEM DIAGNOSIS W VENTILATOR SUPPORT <96 HOURS,3651
215 - OTHER HEART ASSIST SYSTEM IMPLANT,4
216 - CARDIAC VALVE & OTH MAJ CARDIOTHORACIC PROC W CARD CATH W MCC,853
217 - CARDIAC VALVE & OTH MAJ CARDIOTHORACIC PROC W CARD CATH W CC,261
218 - CARDIAC VALVE & OTH MAJ CARDIOTHORACIC PROC W CARD CATH W/O CC/MCC,14
219 - CARDIAC VALVE & OTH MAJ CARDIOTHORACIC PROC W/O CARD CATH W MCC,1370
220 - CARDIAC VALVE & OTH MAJ CARDIOTHORACIC PROC W/O CARD CATH W CC,1592
221 - CARDIAC VALVE & OTH MAJ CARDIOTHORACIC PROC W/O CARD CATH W/O CC/MCC,295
222 - CARDIAC DEFIB IMPLANT W CARDIAC CATH W AMI/HF/SHOCK W MCC,15
223 - CARDIAC DEFIB IMPLANT W CARDIAC CATH W AMI/HF/SHOCK W/O MCC,8
224 - CARDIAC DEFIB IMPLANT W CARDIAC CATH W/O AMI/HF/SHOCK W MCC,16
225 - CARDIAC DEFIB IMPLANT W CARDIAC CATH W/O AMI/HF/SHOCK W/O MCC,23
226 - CARDIAC DEFIBRILLATOR IMPLANT W/O CARDIAC CATH W MCC,216
227 - CARDIAC DEFIBRILLATOR IMPLANT W/O CARDIAC CATH W/O MCC,648
228 - OTHER CARDIOTHORACIC PROCEDURES W MCC,69
229 - OTHER CARDIOTHORACIC PROCEDURES W CC,47
229 - OTHER CARDIOTHORACIC PROCEDURES W/O MCC,34
230 - OTHER CARDIOTHORACIC PROCEDURES W/O CC/MCC,8
230 - UNKNOWN,3
232 - CORONARY BYPASS W PTCA W/O MCC,2
233 - CORONARY BYPASS W CARDIAC CATH W MCC,1355
234 - CORONARY BYPASS W CARDIAC CATH W/O MCC,1812
235 - CORONARY BYPASS W/O CARDIAC CATH W MCC,824
236 - CORONARY BYPASS W/O CARDIAC CATH W/O MCC,1771
237 - MAJOR CARDIOVASC PROCEDURES W MCC,1298
238 - MAJOR CARDIOVASC PROCEDURES W/O MCC,1973
239 - AMPUTATION FOR CIRC SYS DISORDERS EXC UPPER LIMB & TOE W MCC,616
240 - AMPUTATION FOR CIRC SYS DISORDERS EXC UPPER LIMB & TOE W CC,468
241 - AMPUTATION FOR CIRC SYS DISORDERS EXC UPPER LIMB & TOE W/O CC/MCC,1
242 - PERMANENT CARDIAC PACEMAKER IMPLANT W MCC,1786
243 - PERMANENT CARDIAC PACEMAKER IMPLANT W CC,2758
244 - PERMANENT CARDIAC PACEMAKER IMPLANT W/O CC/MCC,1931
245 - AICD GENERATOR PROCEDURES,27
246 - PERC CARDIOVASC PROC W DRUG-ELUTING STENT W MCC OR 4+ VESSELS/STENTS,3197
247 - PERC CARDIOVASC PROC W DRUG-ELUTING STENT W/O MCC,4523
248 - PERC CARDIOVASC PROC W NON-DRUG-ELUTING STENT W MCC OR 4+ VES/STENTS,658
249 - PERC CARDIOVASC PROC W NON-DRUG-ELUTING STENT W/O MCC,1349
250 - PERC CARDIOVASC PROC W/O CORONARY ARTERY STENT W MCC,622
251 - PERC CARDIOVASC PROC W/O CORONARY ARTERY STENT W/O MCC,1301
252 - OTHER VASCULAR PROCEDURES W MCC,3186
253 - OTHER VASCULAR PROCEDURES W CC,3286
254 - OTHER VASCULAR PROCEDURES W/O CC/MCC,1563
255 - UPPER LIMB & TOE AMPUTATION FOR CIRC SYSTEM DISORDERS W MCC,10
256 - UPPER LIMB & TOE AMPUTATION FOR CIRC SYSTEM DISORDERS W CC,8
259 - CARDIAC PACEMAKER DEVICE REPLACEMENT W/O MCC,11
260 - CARDIAC PACEMAKER REVISION EXCEPT DEVICE REPLACEMENT W MCC,33
261 - CARDIAC PACEMAKER REVISION EXCEPT DEVICE REPLACEMENT W CC,55
262 - CARDIAC PACEMAKER REVISION EXCEPT DEVICE REPLACEMENT W/O CC/MCC,4
264 - OTHER CIRCULATORY SYSTEM O.R. PROCEDURES,1147
265 - AICD LEAD PROCEDURES,1
266 - ENDOVASCULAR CARDIAC VALVE REPLACEMENT W MCC,544
267 - ENDOVASCULAR CARDIAC VALVE REPLACEMENT W/O MCC,616
268 - AORTIC AND HEART ASSIST PROCEDURES EXCEPT PULSATION BALLOON W MCC,56
269 - AORTIC AND HEART ASSIST PROCEDURES EXCEPT PULSATION BALLOON W/O MCC,592
270 - OTHER MAJOR CARDIOVASCULAR PROCEDURES W MCC,501
271 - OTHER MAJOR CARDIOVASCULAR PROCEDURES W CC,225
272 - OTHER MAJOR CARDIOVASCULAR PROCEDURES W/O CC/MCC,39
273 - PERCUTANEOUS INTRACARDIAC PROCEDURES W MCC,241
274 - PERCUTANEOUS INTRACARDIAC PROCEDURES W/O MCC,423
"280 - ACUTE MYOCARDIAL INFARCTION, DISCHARGED ALIVE W MCC",5541
"281 - ACUTE MYOCARDIAL INFARCTION, DISCHARGED ALIVE W CC",4417
"282 - ACUTE MYOCARDIAL INFARCTION, DISCHARGED ALIVE W/O CC/MCC",2489
"283 - ACUTE MYOCARDIAL INFARCTION, EXPIRED W MCC",588
"286 - CIRCULATORY DISORDERS EXCEPT AMI, W CARD CATH W MCC",2877
"287 - CIRCULATORY DISORDERS EXCEPT AMI, W CARD CATH W/O MCC",4812
288 - ACUTE & SUBACUTE ENDOCARDITIS W MCC,2
291 - HEART FAILURE & SHOCK W MCC,7936
292 - HEART FAILURE & SHOCK W CC,8206
293 - HEART FAILURE & SHOCK W/O CC/MCC,5718
294 - DEEP VEIN THROMBOPHLEBITIS W CC/MCC,1
"296 - CARDIAC ARREST, UNEXPLAINED W MCC",32
299 - PERIPHERAL VASCULAR DISORDERS W MCC,1786
300 - PERIPHERAL VASCULAR DISORDERS W CC,3537
301 - PERIPHERAL VASCULAR DISORDERS W/O CC/MCC,956
302 - ATHEROSCLEROSIS W MCC,66
303 - ATHEROSCLEROSIS W/O MCC,1453
304 - HYPERTENSION W MCC,27
305 - HYPERTENSION W/O MCC,2184
306 - CARDIAC CONGENITAL & VALVULAR DISORDERS W MCC,112
307 - CARDIAC CONGENITAL & VALVULAR DISORDERS W/O MCC,85
308 - CARDIAC ARRHYTHMIA & CONDUCTION DISORDERS W MCC,5855
309 - CARDIAC ARRHYTHMIA & CONDUCTION DISORDERS W CC,6495
310 - CARDIAC ARRHYTHMIA & CONDUCTION DISORDERS W/O CC/MCC,5760
311 - ANGINA PECTORIS,203
312 - SYNCOPE & COLLAPSE,5644
313 - CHEST PAIN,4812
314 - OTHER CIRCULATORY SYSTEM DIAGNOSES W MCC,4001
315 - OTHER CIRCULATORY SYSTEM DIAGNOSES W CC,1942
316 - OTHER CIRCULATORY SYSTEM DIAGNOSES W/O CC/MCC,88
"326 - STOMACH, ESOPHAGEAL & DUODENAL PROC W MCC",1006
"327 - STOMACH, ESOPHAGEAL & DUODENAL PROC W CC",1035
"328 - STOMACH, ESOPHAGEAL & DUODENAL PROC W/O CC/MCC",744
329 - MAJOR SMALL & LARGE BOWEL PROCEDURES W MCC,3747
330 - MAJOR SMALL & LARGE BOWEL PROCEDURES W CC,4558
331 - MAJOR SMALL & LARGE BOWEL PROCEDURES W/O CC/MCC,2274
332 - RECTAL RESECTION W MCC,1
333 - RECTAL RESECTION W CC,83
334 - RECTAL RESECTION W/O CC/MCC,52
335 - PERITONEAL ADHESIOLYSIS W MCC,168
336 - PERITONEAL ADHESIOLYSIS W CC,778
337 - PERITONEAL ADHESIOLYSIS W/O CC/MCC,182
339 - APPENDECTOMY W COMPLICATED PRINCIPAL DIAG W CC,3
340 - APPENDECTOMY W COMPLICATED PRINCIPAL DIAG W/O CC/MCC,1
343 - APPENDECTOMY W/O COMPLICATED PRINCIPAL DIAG W/O CC/MCC,24
344 - MINOR SMALL & LARGE BOWEL PROCEDURES W MCC,6
345 - MINOR SMALL & LARGE BOWEL PROCEDURES W CC,62
346 - MINOR SMALL & LARGE BOWEL PROCEDURES W/O CC/MCC,22
347 - ANAL & STOMAL PROCEDURES W MCC,4
348 - ANAL & STOMAL PROCEDURES W CC,57
349 - ANAL & STOMAL PROCEDURES W/O CC/MCC,13
351 - INGUINAL & FEMORAL HERNIA PROCEDURES W CC,20
352 - INGUINAL & FEMORAL HERNIA PROCEDURES W/O CC/MCC,21
353 - HERNIA PROCEDURES EXCEPT INGUINAL & FEMORAL W MCC,23
354 - HERNIA PROCEDURES EXCEPT INGUINAL & FEMORAL W CC,426
355 - HERNIA PROCEDURES EXCEPT INGUINAL & FEMORAL W/O CC/MCC,346
356 - OTHER DIGESTIVE SYSTEM O.R. PROCEDURES W MCC,454
357 - OTHER DIGESTIVE SYSTEM O.R. PROCEDURES W CC,429
358 - OTHER DIGESTIVE SYSTEM O.R. PROCEDURES W/O CC/MCC,3
368 - MAJOR ESOPHAGEAL DISORDERS W MCC,14
369 - MAJOR ESOPHAGEAL DISORDERS W CC,36
371 - MAJOR GASTROINTESTINAL DISORDERS & PERITONEAL INFECTIONS W MCC,1980
372 - MAJOR GASTROINTESTINAL DISORDERS & PERITONEAL INFECTIONS W CC,3318
373 - MAJOR GASTROINTESTINAL DISORDERS & PERITONEAL INFECTIONS W/O CC/MCC,356
374 - DIGESTIVE MALIGNANCY W MCC,514
375 - DIGESTIVE MALIGNANCY W CC,1094
376 - DIGESTIVE MALIGNANCY W/O CC/MCC,2
377 - G.I. HEMORRHAGE W MCC,5052
378 - G.I. HEMORRHAGE W CC,7211
379 - G.I. HEMORRHAGE W/O CC/MCC,2650
380 - COMPLICATED PEPTIC ULCER W MCC,12
381 - COMPLICATED PEPTIC ULCER W CC,103
383 - UNCOMPLICATED PEPTIC ULCER W MCC,2
384 - UNCOMPLICATED PEPTIC ULCER W/O MCC,76
385 - INFLAMMATORY BOWEL DISEASE W MCC,16
386 - INFLAMMATORY BOWEL DISEASE W CC,443
387 - INFLAMMATORY BOWEL DISEASE W/O CC/MCC,28
388 - G.I. OBSTRUCTION W MCC,1656
389 - G.I. OBSTRUCTION W CC,5162
390 - G.I. OBSTRUCTION W/O CC/MCC,3852
"391 - ESOPHAGITIS, GASTROENT & MISC DIGEST DISORDERS W MCC",4304
"392 - ESOPHAGITIS, GASTROENT & MISC DIGEST DISORDERS W/O MCC",8055
393 - OTHER DIGESTIVE SYSTEM DIAGNOSES W MCC,2250
394 - OTHER DIGESTIVE SYSTEM DIAGNOSES W CC,4224
395 - OTHER DIGESTIVE SYSTEM DIAGNOSES W/O CC/MCC,1011
"405 - PANCREAS, LIVER & SHUNT PROCEDURES W MCC",305
"406 - PANCREAS, LIVER & SHUNT PROCEDURES W CC",373
"407 - PANCREAS, LIVER & SHUNT PROCEDURES W/O CC/MCC",110
408 - BILIARY TRACT PROC EXCEPT ONLY CHOLECYST W OR W/O C.D.E. W MCC,110
409 - BILIARY TRACT PROC EXCEPT ONLY CHOLECYST W OR W/O C.D.E. W CC,50
410 - BILIARY TRACT PROC EXCEPT ONLY CHOLECYST W OR W/O C.D.E. W/O CC/MCC,1
414 - CHOLECYSTECTOMY EXCEPT BY LAPAROSCOPE W/O C.D.E. W MCC,9
415 - CHOLECYSTECTOMY EXCEPT BY LAPAROSCOPE W/O C.D.E. W CC,42
416 - CHOLECYSTECTOMY EXCEPT BY LAPAROSCOPE W/O C.D.E. W/O CC/MCC,7
417 - LAPAROSCOPIC CHOLECYSTECTOMY W/O C.D.E. W MCC,1349
418 - LAPAROSCOPIC CHOLECYSTECTOMY W/O C.D.E. W CC,2451
419 - LAPAROSCOPIC CHOLECYSTECTOMY W/O C.D.E. W/O CC/MCC,1598
420 - HEPATOBILIARY DIAGNOSTIC PROCEDURES W MCC,86
421 - HEPATOBILIARY DIAGNOSTIC PROCEDURES W CC,45
423 - OTHER HEPATOBILIARY OR PANCREAS O.R. PROCEDURES W MCC,5
432 - CIRRHOSIS & ALCOHOLIC HEPATITIS W MCC,772
433 - CIRRHOSIS & ALCOHOLIC HEPATITIS W CC,327
435 - MALIGNANCY OF HEPATOBILIARY SYSTEM OR PANCREAS W MCC,988
436 - MALIGNANCY OF HEPATOBILIARY SYSTEM OR PANCREAS W CC,524
437 - MALIGNANCY OF HEPATOBILIARY SYSTEM OR PANCREAS W/O CC/MCC,4
438 - DISORDERS OF PANCREAS EXCEPT MALIGNANCY W MCC,1082
439 - DISORDERS OF PANCREAS EXCEPT MALIGNANCY W CC,2894
440 - DISORDERS OF PANCREAS EXCEPT MALIGNANCY W/O CC/MCC,1266
"441 - DISORDERS OF LIVER EXCEPT MALIG,CIRR,ALC HEPA W MCC",1625
"442 - DISORDERS OF LIVER EXCEPT MALIG,CIRR,ALC HEPA W CC",1687
"443 - DISORDERS OF LIVER EXCEPT MALIG,CIRR,ALC HEPA W/O CC/MCC",32
444 - DISORDERS OF THE BILIARY TRACT W MCC,714
445 - DISORDERS OF THE BILIARY TRACT W CC,1410
446 - DISORDERS OF THE BILIARY TRACT W/O CC/MCC,289
453 - COMBINED ANTERIOR/POSTERIOR SPINAL FUSION W MCC,70
454 - COMBINED ANTERIOR/POSTERIOR SPINAL FUSION W CC,395
455 - COMBINED ANTERIOR/POSTERIOR SPINAL FUSION W/O CC/MCC,365
456 - SPINAL FUS EXC CERV W SPINAL CURV/MALIG/INFEC OR 9+ FUS W MCC,34
456 - SPINAL FUS EXC CERV W SPINAL CURV/MALIG/INFEC OR EXT FUS W MCC,20
457 - SPINAL FUS EXC CERV W SPINAL CURV/MALIG/INFEC OR 9+ FUS W CC,88
457 - SPINAL FUS EXC CERV W SPINAL CURV/MALIG/INFEC OR EXT FUS W CC,194
458 - SPINAL FUS EXC CERV W SPINAL CURV/MALIG/INFEC OR 9+ FUS W/O CC/MCC,41
458 - SPINAL FUS EXC CERV W SPINAL CURV/MALIG/INFEC OR EXT FUS W/O CC/MCC,19
459 - SPINAL FUSION EXCEPT CERVICAL W MCC,281
460 - SPINAL FUSION EXCEPT CERVICAL W/O MCC,4121
461 - BILATERAL OR MULTIPLE MAJOR JOINT PROCS OF LOWER EXTREMITY W MCC,1
462 - BILATERAL OR MULTIPLE MAJOR JOINT PROCS OF LOWER EXTREMITY W/O MCC,657
"463 - WND DEBRID & SKN GRFT EXC HAND, FOR MUSCULO-CONN TISS DIS W MCC",210
"464 - WND DEBRID & SKN GRFT EXC HAND, FOR MUSCULO-CONN TISS DIS W CC",607
"465 - WND DEBRID & SKN GRFT EXC HAND, FOR MUSCULO-CONN TISS DIS W/O CC/MCC",70
466 - REVISION OF HIP OR KNEE REPLACEMENT W MCC,120
467 - REVISION OF HIP OR KNEE REPLACEMENT W CC,1805
468 - REVISION OF HIP OR KNEE REPLACEMENT W/O CC/MCC,1507
469 - MAJOR JOINT REPLACEMENT OR REATTACHMENT OF LOWER EXTREMITY W MCC,2822
470 - MAJOR JOINT REPLACEMENT OR REATTACHMENT OF LOWER EXTREMITY W/O MCC,8063
471 - CERVICAL SPINAL FUSION W MCC,128
472 - CERVICAL SPINAL FUSION W CC,1369
473 - CERVICAL SPINAL FUSION W/O CC/MCC,2571
474 - AMPUTATION FOR MUSCULOSKELETAL SYS & CONN TISSUE DIS W MCC,62
475 - AMPUTATION FOR MUSCULOSKELETAL SYS & CONN TISSUE DIS W CC,81
477 - BIOPSIES OF MUSCULOSKELETAL SYSTEM & CONNECTIVE TISSUE W MCC,38
478 - BIOPSIES OF MUSCULOSKELETAL SYSTEM & CONNECTIVE TISSUE W CC,359
479 - BIOPSIES OF MUSCULOSKELETAL SYSTEM & CONNECTIVE TISSUE W/O CC/MCC,42
480 - HIP & FEMUR PROCEDURES EXCEPT MAJOR JOINT W MCC,3023
481 - HIP & FEMUR PROCEDURES EXCEPT MAJOR JOINT W CC,6114
482 - HIP & FEMUR PROCEDURES EXCEPT MAJOR JOINT W/O CC/MCC,2642
483 - MAJOR JOINT/LIMB REATTACHMENT PROCEDURE OF UPPER EXTREMITIES,3010
484 - MAJOR JOINT & LIMB REATTACHMENT PROC OF UPPER EXTREMITY W/O CC/MCC,821
486 - KNEE PROCEDURES W PDX OF INFECTION W CC,18
488 - KNEE PROCEDURES W/O PDX OF INFECTION W CC/MCC,44
489 - KNEE PROCEDURES W/O PDX OF INFECTION W/O CC/MCC,80
490 - BACK & NECK PROC EXC SPINAL FUSION W CC/MCC OR DISC DEVICE/NEUROSTIM,577
491 - BACK & NECK PROC EXC SPINAL FUSION W/O CC/MCC,772
"492 - LOWER EXTREM & HUMER PROC EXCEPT HIP,FOOT,FEMUR W MCC",206
"493 - LOWER EXTREM & HUMER PROC EXCEPT HIP,FOOT,FEMUR W CC",1840
"494 - LOWER EXTREM & HUMER PROC EXCEPT HIP,FOOT,FEMUR W/O CC/MCC",1356
495 - LOCAL EXCISION & REMOVAL INT FIX DEVICES EXC HIP & FEMUR W MCC,1
496 - LOCAL EXCISION & REMOVAL INT FIX DEVICES EXC HIP & FEMUR W CC,95
497 - LOCAL EXCISION & REMOVAL INT FIX DEVICES EXC HIP & FEMUR W/O CC/MCC,43
500 - SOFT TISSUE PROCEDURES W MCC,6
501 - SOFT TISSUE PROCEDURES W CC,137
502 - SOFT TISSUE PROCEDURES W/O CC/MCC,67
503 - FOOT PROCEDURES W MCC,1
504 - FOOT PROCEDURES W CC,22
505 - FOOT PROCEDURES W/O CC/MCC,7
"510 - SHOULDER,ELBOW OR FOREARM PROC,EXC MAJOR JOINT PROC W MCC",1
"511 - SHOULDER,ELBOW OR FOREARM PROC,EXC MAJOR JOINT PROC W CC",28
"512 - SHOULDER,ELBOW OR FOREARM PROC,EXC MAJOR JOINT PROC W/O CC/MCC",23
"513 - HAND OR WRIST PROC, EXCEPT MAJOR THUMB OR JOINT PROC W CC/MCC",4
"514 - HAND OR WRIST PROC, EXCEPT MAJOR THUMB OR JOINT PROC W/O CC/MCC",3
515 - OTHER MUSCULOSKELET SYS & CONN TISS O.R. PROC W MCC,128
516 - OTHER MUSCULOSKELET SYS & CONN TISS O.R. PROC W CC,865
517 - OTHER MUSCULOSKELET SYS & CONN TISS O.R. PROC W/O CC/MCC,626
518 - BACK & NECK PROC EXC SPINAL FUSION W MCC OR DISC DEVICE/NEUROSTIM,117
519 - BACK & NECK PROC EXC SPINAL FUSION W CC,615
520 - BACK & NECK PROC EXC SPINAL FUSION W/O CC/MCC,983
534 - FRACTURES OF FEMUR W/O MCC,2
535 - FRACTURES OF HIP & PELVIS W MCC,206
536 - FRACTURES OF HIP & PELVIS W/O MCC,2737
539 - OSTEOMYELITIS W MCC,36
540 - OSTEOMYELITIS W CC,38
542 - PATHOLOGICAL FRACTURES & MUSCULOSKELET & CONN TISS MALIG W MCC,199
543 - PATHOLOGICAL FRACTURES & MUSCULOSKELET & CONN TISS MALIG W CC,994
544 - PATHOLOGICAL FRACTURES & MUSCULOSKELET & CONN TISS MALIG W/O CC/MCC,57
545 - CONNECTIVE TISSUE DISORDERS W MCC,110
546 - CONNECTIVE TISSUE DISORDERS W CC,124
547 - CONNECTIVE TISSUE DISORDERS W/O CC/MCC,7
551 - MEDICAL BACK PROBLEMS W MCC,1043
552 - MEDICAL BACK PROBLEMS W/O MCC,4395
553 - BONE DISEASES & ARTHROPATHIES W MCC,15
554 - BONE DISEASES & ARTHROPATHIES W/O MCC,908
555 - SIGNS & SYMPTOMS OF MUSCULOSKELETAL SYSTEM & CONN TISSUE W MCC,27
556 - SIGNS & SYMPTOMS OF MUSCULOSKELETAL SYSTEM & CONN TISSUE W/O MCC,1008
"557 - TENDONITIS, MYOSITIS & BURSITIS W MCC",32
"558 - TENDONITIS, MYOSITIS & BURSITIS W/O MCC",919
"559 - AFTERCARE, MUSCULOSKELETAL SYSTEM & CONNECTIVE TISSUE W MCC",13
"560 - AFTERCARE, MUSCULOSKELETAL SYSTEM & CONNECTIVE TISSUE W CC",96
"561 - AFTERCARE, MUSCULOSKELETAL SYSTEM & CONNECTIVE TISSUE W/O CC/MCC",28
"562 - FX, SPRN, STRN & DISL EXCEPT FEMUR, HIP, PELVIS & THIGH W MCC",147
"563 - FX, SPRN, STRN & DISL EXCEPT FEMUR, HIP, PELVIS & THIGH W/O MCC",2451
564 - OTHER MUSCULOSKELETAL SYS & CONNECTIVE TISSUE DIAGNOSES W MCC,15
565 - OTHER MUSCULOSKELETAL SYS & CONNECTIVE TISSUE DIAGNOSES W CC,69
570 - SKIN DEBRIDEMENT W MCC,61
571 - SKIN DEBRIDEMENT W CC,96
572 - SKIN DEBRIDEMENT W/O CC/MCC,1
573 - SKIN GRAFT FOR SKIN ULCER OR CELLULITIS W MCC,51
574 - SKIN GRAFT FOR SKIN ULCER OR CELLULITIS W CC,5
577 - SKIN GRAFT EXC FOR SKIN ULCER OR CELLULITIS W CC,36
578 - SKIN GRAFT EXC FOR SKIN ULCER OR CELLULITIS W/O CC/MCC,14
"579 - OTHER SKIN, SUBCUT TISS & BREAST PROC W MCC",123
"580 - OTHER SKIN, SUBCUT TISS & BREAST PROC W CC",416
"581 - OTHER SKIN, SUBCUT TISS & BREAST PROC W/O CC/MCC",159
582 - MASTECTOMY FOR MALIGNANCY W CC/MCC,9
583 - MASTECTOMY FOR MALIGNANCY W/O CC/MCC,24
"585 - BREAST BIOPSY, LOCAL EXCISION & OTHER BREAST PROCEDURES W/O CC/MCC",1
592 - SKIN ULCERS W MCC,82
593 - SKIN ULCERS W CC,35
595 - MAJOR SKIN DISORDERS W MCC,2
596 - MAJOR SKIN DISORDERS W/O MCC,59
597 - MALIGNANT BREAST DISORDERS W MCC,1
598 - MALIGNANT BREAST DISORDERS W CC,2
600 - NON-MALIGNANT BREAST DISORDERS W CC/MCC,1
602 - CELLULITIS W MCC,2971
603 - CELLULITIS W/O MCC,7732
"604 - TRAUMA TO THE SKIN, SUBCUT TISS & BREAST W MCC",20
"605 - TRAUMA TO THE SKIN, SUBCUT TISS & BREAST W/O MCC",1047
606 - MINOR SKIN DISORDERS W MCC,8
607 - MINOR SKIN DISORDERS W/O MCC,191
614 - ADRENAL & PITUITARY PROCEDURES W CC/MCC,64
615 - ADRENAL & PITUITARY PROCEDURES W/O CC/MCC,21
"616 - AMPUTAT OF LOWER LIMB FOR ENDOCRINE,NUTRIT,& METABOL DIS W MCC",6
"617 - AMPUTAT OF LOWER LIMB FOR ENDOCRINE,NUTRIT,& METABOL DIS W CC",612
619 - O.R. PROCEDURES FOR OBESITY W MCC,12
620 - O.R. PROCEDURES FOR OBESITY W CC,292
621 - O.R. PROCEDURES FOR OBESITY W/O CC/MCC,1330
"623 - SKIN GRAFTS & WOUND DEBRID FOR ENDOC, NUTRIT & METAB DIS W CC",50
"624 - SKIN GRAFTS & WOUND DEBRID FOR ENDOC, NUTRIT & METAB DIS W/O CC/MCC",1
"625 - THYROID, PARATHYROID & THYROGLOSSAL PROCEDURES W MCC",3
"626 - THYROID, PARATHYROID & THYROGLOSSAL PROCEDURES W CC",27
"627 - THYROID, PARATHYROID & THYROGLOSSAL PROCEDURES W/O CC/MCC",68
"628 - OTHER ENDOCRINE, NUTRIT & METAB O.R. PROC W MCC",47
"629 - OTHER ENDOCRINE, NUTRIT & METAB O.R. PROC W CC",109
"630 - OTHER ENDOCRINE, NUTRIT & METAB O.R. PROC W/O CC/MCC",1
637 - DIABETES W MCC,2602
638 - DIABETES W CC,4963
639 - DIABETES W/O CC/MCC,814
"640 - MISC DISORDERS OF NUTRITION,METABOLISM,FLUIDS/ELECTROLYTES W MCC",5350
"641 - MISC DISORDERS OF NUTRITION,METABOLISM,FLUIDS/ELECTROLYTES W/O MCC",7482
642 - INBORN AND OTHER DISORDERS OF METABOLISM,17
643 - ENDOCRINE DISORDERS W MCC,436
644 - ENDOCRINE DISORDERS W CC,874
645 - ENDOCRINE DISORDERS W/O CC/MCC,63
652 - KIDNEY TRANSPLANT,541
653 - MAJOR BLADDER PROCEDURES W MCC,49
654 - MAJOR BLADDER PROCEDURES W CC,220
655 - MAJOR BLADDER PROCEDURES W/O CC/MCC,54
656 - KIDNEY & URETER PROCEDURES FOR NEOPLASM W MCC,125
657 - KIDNEY & URETER PROCEDURES FOR NEOPLASM W CC,546
658 - KIDNEY & URETER PROCEDURES FOR NEOPLASM W/O CC/MCC,462
659 - KIDNEY & URETER PROCEDURES FOR NON-NEOPLASM W MCC,282
660 - KIDNEY & URETER PROCEDURES FOR NON-NEOPLASM W CC,701
661 - KIDNEY & URETER PROCEDURES FOR NON-NEOPLASM W/O CC/MCC,113
664 - MINOR BLADDER PROCEDURES W/O CC/MCC,1
666 - PROSTATECTOMY W CC,3
667 - PROSTATECTOMY W/O CC/MCC,1
668 - TRANSURETHRAL PROCEDURES W MCC,30
669 - TRANSURETHRAL PROCEDURES W CC,1076
670 - TRANSURETHRAL PROCEDURES W/O CC/MCC,27
672 - URETHRAL PROCEDURES W/O CC/MCC,2
673 - OTHER KIDNEY & URINARY TRACT PROCEDURES W MCC,615
674 - OTHER KIDNEY & URINARY TRACT PROCEDURES W CC,260
675 - OTHER KIDNEY & URINARY TRACT PROCEDURES W/O CC/MCC,1
682 - RENAL FAILURE W MCC,6593
683 - RENAL FAILURE W CC,7361
684 - RENAL FAILURE W/O CC/MCC,2468
685 - ADMIT FOR RENAL DIALYSIS,38
687 - KIDNEY & URINARY TRACT NEOPLASMS W CC,5
689 - KIDNEY & URINARY TRACT INFECTIONS W MCC,5937
690 - KIDNEY & URINARY TRACT INFECTIONS W/O MCC,8042
691 - URINARY STONES W ESW LITHOTRIPSY W CC/MCC,4
693 - URINARY STONES W/O ESW LITHOTRIPSY W MCC,2
694 - URINARY STONES W/O ESW LITHOTRIPSY W/O MCC,1169
696 - KIDNEY & URINARY TRACT SIGNS & SYMPTOMS W/O MCC,398
698 - OTHER KIDNEY & URINARY TRACT DIAGNOSES W MCC,3740
699 - OTHER KIDNEY & URINARY TRACT DIAGNOSES W CC,2705
700 - OTHER KIDNEY & URINARY TRACT DIAGNOSES W/O CC/MCC,118
707 - MAJOR MALE PELVIC PROCEDURES W CC/MCC,217
708 - MAJOR MALE PELVIC PROCEDURES W/O CC/MCC,1161
713 - TRANSURETHRAL PROSTATECTOMY W CC/MCC,157
714 - TRANSURETHRAL PROSTATECTOMY W/O CC/MCC,158
716 - OTHER MALE REPRODUCTIVE SYSTEM O.R. PROC FOR MALIGNANCY W/O CC/MCC,1
717 - OTHER MALE REPRODUCTIVE SYSTEM O.R. PROC EXC MALIGNANCY W CC/MCC,2
726 - BENIGN PROSTATIC HYPERTROPHY W/O MCC,15
727 - INFLAMMATION OF THE MALE REPRODUCTIVE SYSTEM W MCC,1
728 - INFLAMMATION OF THE MALE REPRODUCTIVE SYSTEM W/O MCC,61
"734 - PELVIC EVISCERATION, RAD HYSTERECTOMY & RAD VULVECTOMY W CC/MCC",48
"735 - PELVIC EVISCERATION, RAD HYSTERECTOMY & RAD VULVECTOMY W/O CC/MCC",18
736 - UTERINE & ADNEXA PROC FOR OVARIAN OR ADNEXAL MALIGNANCY W MCC,2
737 - UTERINE & ADNEXA PROC FOR OVARIAN OR ADNEXAL MALIGNANCY W CC,173
738 - UTERINE & ADNEXA PROC FOR OVARIAN OR ADNEXAL MALIGNANCY W/O CC/MCC,1
"740 - UTERINE,ADNEXA PROC FOR NON-OVARIAN/ADNEXAL MALIG W CC",159
"741 - UTERINE,ADNEXA PROC FOR NON-OVARIAN/ADNEXAL MALIG W/O CC/MCC",114
742 - UTERINE & ADNEXA PROC FOR NON-MALIGNANCY W CC/MCC,292
743 - UTERINE & ADNEXA PROC FOR NON-MALIGNANCY W/O CC/MCC,591
"744 - D&C, CONIZATION, LAPAROSCOPY & TUBAL INTERRUPTION W CC/MCC",8
"746 - VAGINA, CERVIX & VULVA PROCEDURES W CC/MCC",12
"747 - VAGINA, CERVIX & VULVA PROCEDURES W/O CC/MCC",47
748 - FEMALE REPRODUCTIVE SYSTEM RECONSTRUCTIVE PROCEDURES,70
749 - OTHER FEMALE REPRODUCTIVE SYSTEM O.R. PROCEDURES W CC/MCC,4
"755 - MALIGNANCY, FEMALE REPRODUCTIVE SYSTEM W CC",35
"757 - INFECTIONS, FEMALE REPRODUCTIVE SYSTEM W MCC",1
"758 - INFECTIONS, FEMALE REPRODUCTIVE SYSTEM W CC",2
760 - MENSTRUAL & OTHER FEMALE REPRODUCTIVE SYSTEM DISORDERS W CC/MCC,5
765 - CESAREAN SECTION W CC/MCC,137
766 - CESAREAN SECTION W/O CC/MCC,9
774 - VAGINAL DELIVERY W COMPLICATING DIAGNOSES,49
775 - VAGINAL DELIVERY W/O COMPLICATING DIAGNOSES,188
781 - OTHER ANTEPARTUM DIAGNOSES W MEDICAL COMPLICATIONS,97
808 - MAJOR HEMATOL/IMMUN DIAG EXC SICKLE CELL CRISIS & COAGUL W MCC,333
809 - MAJOR HEMATOL/IMMUN DIAG EXC SICKLE CELL CRISIS & COAGUL W CC,1349
810 - MAJOR HEMATOL/IMMUN DIAG EXC SICKLE CELL CRISIS & COAGUL W/O CC/MCC,5
811 - RED BLOOD CELL DISORDERS W MCC,3116
812 - RED BLOOD CELL DISORDERS W/O MCC,5757
813 - COAGULATION DISORDERS,362
814 - RETICULOENDOTHELIAL & IMMUNITY DISORDERS W MCC,2
815 - RETICULOENDOTHELIAL & IMMUNITY DISORDERS W CC,15
820 - LYMPHOMA & LEUKEMIA W MAJOR O.R. PROCEDURE W MCC,3
821 - LYMPHOMA & LEUKEMIA W MAJOR O.R. PROCEDURE W CC,21
822 - LYMPHOMA & LEUKEMIA W MAJOR O.R. PROCEDURE W/O CC/MCC,25
823 - LYMPHOMA & NON-ACUTE LEUKEMIA W OTHER O.R. PROC W MCC,22
824 - LYMPHOMA & NON-ACUTE LEUKEMIA W OTHER O.R. PROC W CC,26
825 - LYMPHOMA & NON-ACUTE LEUKEMIA W OTHER O.R. PROC W/O CC/MCC,1
826 - MYELOPROLIF DISORD OR POORLY DIFF NEOPL W MAJ O.R. PROC W MCC,3
827 - MYELOPROLIF DISORD OR POORLY DIFF NEOPL W MAJ O.R. PROC W CC,33
828 - MYELOPROLIF DISORD OR POORLY DIFF NEOPL W MAJ O.R. PROC W/O CC/MCC,9
829 - MYELOPROLIF DISORD OR POORLY DIFF NEOPL W OTHER O.R. PROC W CC/MCC,20
834 - ACUTE LEUKEMIA W/O MAJOR O.R. PROCEDURE W MCC,206
835 - ACUTE LEUKEMIA W/O MAJOR O.R. PROCEDURE W CC,43
836 - ACUTE LEUKEMIA W/O MAJOR O.R. PROCEDURE W/O CC/MCC,1
837 - CHEMO W ACUTE LEUKEMIA AS SDX OR W HIGH DOSE CHEMO AGENT W MCC,131
838 - CHEMO W ACUTE LEUKEMIA AS SDX W CC OR HIGH DOSE CHEMO AGENT,67
839 - CHEMO W ACUTE LEUKEMIA AS SDX W/O CC/MCC,49
840 - LYMPHOMA & NON-ACUTE LEUKEMIA W MCC,408
841 - LYMPHOMA & NON-ACUTE LEUKEMIA W CC,397
842 - LYMPHOMA & NON-ACUTE LEUKEMIA W/O CC/MCC,12
843 - OTHER MYELOPROLIF DIS OR POORLY DIFF NEOPL DIAG W MCC,8
844 - OTHER MYELOPROLIF DIS OR POORLY DIFF NEOPL DIAG W CC,10
846 - CHEMOTHERAPY W/O ACUTE LEUKEMIA AS SECONDARY DIAGNOSIS W MCC,193
847 - CHEMOTHERAPY W/O ACUTE LEUKEMIA AS SECONDARY DIAGNOSIS W CC,1100
848 - CHEMOTHERAPY W/O ACUTE LEUKEMIA AS SECONDARY DIAGNOSIS W/O CC/MCC,7
849 - RADIOTHERAPY,5
853 - INFECTIOUS & PARASITIC DISEASES W O.R. PROCEDURE W MCC,5195
854 - INFECTIOUS & PARASITIC DISEASES W O.R. PROCEDURE W CC,1522
856 - POSTOPERATIVE OR POST-TRAUMATIC INFECTIONS W O.R. PROC W MCC,372
857 - POSTOPERATIVE OR POST-TRAUMATIC INFECTIONS W O.R. PROC W CC,550
858 - POSTOPERATIVE OR POST-TRAUMATIC INFECTIONS W O.R. PROC W/O CC/MCC,1
862 - POSTOPERATIVE & POST-TRAUMATIC INFECTIONS W MCC,707
863 - POSTOPERATIVE & POST-TRAUMATIC INFECTIONS W/O MCC,1113
864 - FEVER,886
865 - VIRAL ILLNESS W MCC,137
866 - VIRAL ILLNESS W/O MCC,228
867 - OTHER INFECTIOUS & PARASITIC DISEASES DIAGNOSES W MCC,108
868 - OTHER INFECTIOUS & PARASITIC DISEASES DIAGNOSES W CC,20
870 - SEPTICEMIA OR SEVERE SEPSIS W MV >96 HOURS,2164
870 - SEPTICEMIA OR SEVERE SEPSIS W MV 96+ HOURS,1107
871 - SEPTICEMIA OR SEVERE SEPSIS W/O MV >96 HOURS W MCC,2837
871 - SEPTICEMIA OR SEVERE SEPSIS W/O MV 96+ HOURS W MCC,5674
872 - SEPTICEMIA OR SEVERE SEPSIS W/O MV >96 HOURS W/O MCC,5252
872 - SEPTICEMIA OR SEVERE SEPSIS W/O MV 96+ HOURS W/O MCC,2588
876 - O.R. PROCEDURE W PRINCIPAL DIAGNOSES OF MENTAL ILLNESS,1
880 - ACUTE ADJUSTMENT REACTION & PSYCHOSOCIAL DYSFUNCTION,263
881 - DEPRESSIVE NEUROSES,420
882 - NEUROSES EXCEPT DEPRESSIVE,96
883 - DISORDERS OF PERSONALITY & IMPULSE CONTROL,34
884 - ORGANIC DISTURBANCES & INTELLECTUAL DISABILITY,575
884 - ORGANIC DISTURBANCES & MENTAL RETARDATION,1151
885 - PSYCHOSES,1789
886 - BEHAVIORAL & DEVELOPMENTAL DISORDERS,7
887 - OTHER MENTAL DISORDER DIAGNOSES,3
"894 - ALCOHOL/DRUG ABUSE OR DEPENDENCE, LEFT AMA",310
895 - ALCOHOL/DRUG ABUSE OR DEPENDENCE W REHABILITATION THERAPY,246
896 - ALCOHOL/DRUG ABUSE OR DEPENDENCE W/O REHABILITATION THERAPY W MCC,455
897 - ALCOHOL/DRUG ABUSE OR DEPENDENCE W/O REHABILITATION THERAPY W/O MCC,2532
902 - WOUND DEBRIDEMENTS FOR INJURIES W CC,13
904 - SKIN GRAFTS FOR INJURIES W CC/MCC,39
906 - HAND PROCEDURES FOR INJURIES,1
907 - OTHER O.R. PROCEDURES FOR INJURIES W MCC,603
908 - OTHER O.R. PROCEDURES FOR INJURIES W CC,555
909 - OTHER O.R. PROCEDURES FOR INJURIES W/O CC/MCC,48
914 - TRAUMATIC INJURY W/O MCC,67
915 - ALLERGIC REACTIONS W MCC,5
916 - ALLERGIC REACTIONS W/O MCC,58
917 - POISONING & TOXIC EFFECTS OF DRUGS W MCC,3225
918 - POISONING & TOXIC EFFECTS OF DRUGS W/O MCC,2600
919 - COMPLICATIONS OF TREATMENT W MCC,945
920 - COMPLICATIONS OF TREATMENT W CC,1051
921 - COMPLICATIONS OF TREATMENT W/O CC/MCC,70
"923 - OTHER INJURY, POISONING & TOXIC EFFECT DIAG W/O MCC",12
927 - EXTENSIVE BURNS OR FULL THICKNESS BURNS W MV >96 HRS W SKIN GRAFT,1
927 - EXTENSIVE BURNS OR FULL THICKNESS BURNS W MV 96+ HRS W SKIN GRAFT,2
928 - FULL THICKNESS BURN W SKIN GRAFT OR INHAL INJ W CC/MCC,103
929 - FULL THICKNESS BURN W SKIN GRAFT OR INHAL INJ W/O CC/MCC,13
934 - FULL THICKNESS BURN W/O SKIN GRFT OR INHAL INJ,10
935 - NON-EXTENSIVE BURNS,125
939 - O.R. PROC W DIAGNOSES OF OTHER CONTACT W HEALTH SERVICES W MCC,2
940 - O.R. PROC W DIAGNOSES OF OTHER CONTACT W HEALTH SERVICES W CC,23
941 - O.R. PROC W DIAGNOSES OF OTHER CONTACT W HEALTH SERVICES W/O CC/MCC,1
945 - REHABILITATION W CC/MCC,56
946 - REHABILITATION W/O CC/MCC,45
947 - SIGNS & SYMPTOMS W MCC,831
948 - SIGNS & SYMPTOMS W/O MCC,3886
949 - AFTERCARE W CC/MCC,20
950 - AFTERCARE W/O CC/MCC,5
951 - OTHER FACTORS INFLUENCING HEALTH STATUS,4
"956 - LIMB REATTACHMENT, HIP & FEMUR PROC FOR MULTIPLE SIGNIFICANT TRAUMA",221
957 - OTHER O.R. PROCEDURES FOR MULTIPLE SIGNIFICANT TRAUMA W MCC,94
958 - OTHER O.R. PROCEDURES FOR MULTIPLE SIGNIFICANT TRAUMA W CC,42
963 - OTHER MULTIPLE SIGNIFICANT TRAUMA W MCC,76
964 - OTHER MULTIPLE SIGNIFICANT TRAUMA W CC,169
969 - HIV W EXTENSIVE O.R. PROCEDURE W MCC,1
974 - HIV W MAJOR RELATED CONDITION W MCC,272
975 - HIV W MAJOR RELATED CONDITION W CC,108
976 - HIV W MAJOR RELATED CONDITION W/O CC/MCC,3
977 - HIV W OR W/O OTHER RELATED CONDITION,40
981 - EXTENSIVE O.R. PROCEDURE UNRELATED TO PRINCIPAL DIAGNOSIS W MCC,2719
982 - EXTENSIVE O.R. PROCEDURE UNRELATED TO PRINCIPAL DIAGNOSIS W CC,1467
983 - EXTENSIVE O.R. PROCEDURE UNRELATED TO PRINCIPAL DIAGNOSIS W/O CC/MCC,47
987 - NON-EXTENSIVE O.R. PROC UNRELATED TO PRINCIPAL DIAGNOSIS W MCC,413
988 - NON-EXTENSIVE O.R. PROC UNRELATED TO PRINCIPAL DIAGNOSIS W CC,352
989 - NON-EXTENSIVE O.R. PROC UNRELATED TO PRINCIPAL DIAGNOSIS W/O CC/MCC,8
